-- phpMyAdmin SQL Dump
-- version 5.2.1
-- https://www.phpmyadmin.net/
--
-- Host: localhost
-- Generation Time: May 07, 2026 at 12:57 PM
-- Server version: 10.4.28-MariaDB
-- PHP Version: 8.2.4

SET SQL_MODE = "NO_AUTO_VALUE_ON_ZERO";
START TRANSACTION;
SET time_zone = "+00:00";


/*!40101 SET @OLD_CHARACTER_SET_CLIENT=@@CHARACTER_SET_CLIENT */;
/*!40101 SET @OLD_CHARACTER_SET_RESULTS=@@CHARACTER_SET_RESULTS */;
/*!40101 SET @OLD_COLLATION_CONNECTION=@@COLLATION_CONNECTION */;
/*!40101 SET NAMES utf8mb4 */;

--
-- Database: `sers`
--

-- --------------------------------------------------------

--
-- Table structure for table `attendances`
--

CREATE TABLE `attendances` (
  `attendance_id` int(11) NOT NULL,
  `event_id` int(11) NOT NULL,
  `user_id` int(11) NOT NULL,
  `registration_date` timestamp NOT NULL DEFAULT current_timestamp(),
  `status` varchar(50) DEFAULT 'REGISTERED',
  `verified_by` int(11) DEFAULT NULL
) ENGINE=InnoDB DEFAULT CHARSET=utf8mb4 COLLATE=utf8mb4_general_ci;

--
-- Dumping data for table `attendances`
--

INSERT INTO `attendances` (`attendance_id`, `event_id`, `user_id`, `registration_date`, `status`, `verified_by`) VALUES
(1, 1, 3, '2026-04-26 03:25:43', 'REGISTERED', NULL),
(2, 1, 4, '2026-04-26 03:25:43', 'REGISTERED', NULL),
(3, 2, 3, '2026-04-26 03:25:43', 'REGISTERED', NULL),
(4, 2, 4, '2026-04-26 03:25:43', 'REGISTERED', NULL),
(5, 3, 3, '2026-04-26 03:25:43', 'REGISTERED', NULL),
(6, 3, 4, '2026-04-26 03:25:43', 'REGISTERED', NULL);

-- --------------------------------------------------------

--
-- Table structure for table `clubs`
--

CREATE TABLE `clubs` (
  `club_id` int(11) NOT NULL,
  `club_name` varchar(255) NOT NULL,
  `description` text DEFAULT NULL,
  `advisor_id` int(11) DEFAULT NULL,
  `chairperson_id` int(11) DEFAULT NULL
) ENGINE=InnoDB DEFAULT CHARSET=utf8mb4 COLLATE=utf8mb4_general_ci;

--
-- Dumping data for table `clubs`
--

INSERT INTO `clubs` (`club_id`, `club_name`, `description`, `advisor_id`, `chairperson_id`) VALUES
(1, 'Computer Science Society', 'Innovating and building modern software architecture.', 2, 3),
(2, 'Math Society', 'Exploring mathematics and analytics.', 2, 4),
(3, 'Debate Club', 'Sharpening critical thinking and public speaking.', 2, 3),
(4, 'Entrepreneurship Club', 'Fostering business and startup culture.', 2, 4);

-- --------------------------------------------------------

--
-- Table structure for table `events`
--

CREATE TABLE `events` (
  `event_id` int(11) NOT NULL,
  `event_name` varchar(255) NOT NULL,
  `description` text DEFAULT NULL,
  `date` date DEFAULT NULL,
  `venue` varchar(255) DEFAULT NULL,
  `quota` int(11) DEFAULT NULL,
  `criteria` varchar(255) DEFAULT NULL,
  `category` varchar(100) DEFAULT NULL,
  `club_id` int(11) DEFAULT NULL,
  `status` varchar(50) DEFAULT 'PENDING'
) ENGINE=InnoDB DEFAULT CHARSET=utf8mb4 COLLATE=utf8mb4_general_ci;

--
-- Dumping data for table `events`
--

INSERT INTO `events` (`event_id`, `event_name`, `description`, `date`, `venue`, `quota`, `criteria`, `category`, `club_id`, `status`) VALUES
(1, 'Annual Hackathon', 'A 24 hour coding marathon for innovative students.', '2026-05-10', 'Main Hall', 50, 'Tier 1 Merit', 'entrepreneurship', 1, 'PENDING'),
(2, 'Math Olympiad', 'Inter-faculty mathematics competition.', '2026-06-01', 'Lecture Hall A', 30, 'Tier 2 Merit', 'academic', 2, 'APPROVED'),
(3, 'Debate Championship', 'Annual inter-club debate tournament.', '2026-06-15', 'Auditorium', 40, 'Tier 1 Merit', 'leadership', 3, 'PENDING'),
(4, 'Startup Pitch Night', 'Students pitch business ideas to industry panels.', '2026-07-01', 'Innovation Hub', 25, 'Tier 1 Merit', 'entrepreneurship', 4, 'APPROVED');

-- --------------------------------------------------------

--
-- Table structure for table `merits`
--

CREATE TABLE `merits` (
  `merit_id` int(11) NOT NULL,
  `user_id` int(11) NOT NULL,
  `event_id` int(11) NOT NULL,
  `points` int(11) NOT NULL,
  `awarded_date` timestamp NOT NULL DEFAULT current_timestamp()
) ENGINE=InnoDB DEFAULT CHARSET=utf8mb4 COLLATE=utf8mb4_general_ci;

--
-- Dumping data for table `merits`
--

INSERT INTO `merits` (`merit_id`, `user_id`, `event_id`, `points`, `awarded_date`) VALUES
(1, 3, 1, 10, '2026-04-26 03:25:43'),
(2, 4, 1, 8, '2026-04-26 03:25:43'),
(3, 3, 2, 12, '2026-04-26 03:25:43');

-- --------------------------------------------------------

--
-- Table structure for table `users`
--

CREATE TABLE `users` (
  `user_id` int(11) NOT NULL,
  `username` varchar(100) NOT NULL,
  `password` varchar(255) NOT NULL,
  `email` varchar(100) NOT NULL,
  `full_name` varchar(150) DEFAULT NULL,
  `role` varchar(50) DEFAULT 'STUDENT'
) ENGINE=InnoDB DEFAULT CHARSET=utf8mb4 COLLATE=utf8mb4_general_ci;

--
-- Dumping data for table `users`
--

INSERT INTO `users` (`user_id`, `username`, `password`, `email`, `full_name`, `role`) VALUES
(1, 'ahmad', 'ahmad123', 'admin@hepa.edu', 'Ahmad', 'HEPA'),
(2, 'sarah', 'sarah123', 'advisor_cs@edu', 'Sarah (Advisor)', 'ADVISOR'),
(3, 'sho', 'sho123', 'john@student.edu', 'sho (Chairperson)', 'STUDENT'),
(4, 'ali', 'ali123', 'ali@student.edu', 'Ali (Student)', 'STUDENT');

--
-- Indexes for dumped tables
--

--
-- Indexes for table `attendances`
--
ALTER TABLE `attendances`
  ADD PRIMARY KEY (`attendance_id`),
  ADD UNIQUE KEY `duplicate_registration` (`event_id`,`user_id`),
  ADD KEY `user_id` (`user_id`),
  ADD KEY `verified_by` (`verified_by`);

--
-- Indexes for table `clubs`
--
ALTER TABLE `clubs`
  ADD PRIMARY KEY (`club_id`),
  ADD KEY `advisor_id` (`advisor_id`),
  ADD KEY `chairperson_id` (`chairperson_id`);

--
-- Indexes for table `events`
--
ALTER TABLE `events`
  ADD PRIMARY KEY (`event_id`),
  ADD KEY `club_id` (`club_id`);

--
-- Indexes for table `merits`
--
ALTER TABLE `merits`
  ADD PRIMARY KEY (`merit_id`),
  ADD UNIQUE KEY `duplicate_merit` (`user_id`,`event_id`),
  ADD KEY `event_id` (`event_id`);

--
-- Indexes for table `users`
--
ALTER TABLE `users`
  ADD PRIMARY KEY (`user_id`),
  ADD UNIQUE KEY `username` (`username`);

--
-- AUTO_INCREMENT for dumped tables
--

--
-- AUTO_INCREMENT for table `attendances`
--
ALTER TABLE `attendances`
  MODIFY `attendance_id` int(11) NOT NULL AUTO_INCREMENT, AUTO_INCREMENT=7;

--
-- AUTO_INCREMENT for table `clubs`
--
ALTER TABLE `clubs`
  MODIFY `club_id` int(11) NOT NULL AUTO_INCREMENT, AUTO_INCREMENT=5;

--
-- AUTO_INCREMENT for table `events`
--
ALTER TABLE `events`
  MODIFY `event_id` int(11) NOT NULL AUTO_INCREMENT, AUTO_INCREMENT=5;

--
-- AUTO_INCREMENT for table `merits`
--
ALTER TABLE `merits`
  MODIFY `merit_id` int(11) NOT NULL AUTO_INCREMENT, AUTO_INCREMENT=4;

--
-- AUTO_INCREMENT for table `users`
--
ALTER TABLE `users`
  MODIFY `user_id` int(11) NOT NULL AUTO_INCREMENT, AUTO_INCREMENT=5;

--
-- Constraints for dumped tables
--

--
-- Constraints for table `attendances`
--
ALTER TABLE `attendances`
  ADD CONSTRAINT `attendances_ibfk_1` FOREIGN KEY (`event_id`) REFERENCES `events` (`event_id`) ON DELETE CASCADE,
  ADD CONSTRAINT `attendances_ibfk_2` FOREIGN KEY (`user_id`) REFERENCES `users` (`user_id`) ON DELETE CASCADE,
  ADD CONSTRAINT `attendances_ibfk_3` FOREIGN KEY (`verified_by`) REFERENCES `users` (`user_id`) ON DELETE SET NULL;

--
-- Constraints for table `clubs`
--
ALTER TABLE `clubs`
  ADD CONSTRAINT `clubs_ibfk_1` FOREIGN KEY (`advisor_id`) REFERENCES `users` (`user_id`) ON DELETE SET NULL,
  ADD CONSTRAINT `clubs_ibfk_2` FOREIGN KEY (`chairperson_id`) REFERENCES `users` (`user_id`) ON DELETE SET NULL;

--
-- Constraints for table `events`
--
ALTER TABLE `events`
  ADD CONSTRAINT `events_ibfk_1` FOREIGN KEY (`club_id`) REFERENCES `clubs` (`club_id`) ON DELETE CASCADE;

--
-- Constraints for table `merits`
--
ALTER TABLE `merits`
  ADD CONSTRAINT `merits_ibfk_1` FOREIGN KEY (`user_id`) REFERENCES `users` (`user_id`) ON DELETE CASCADE,
  ADD CONSTRAINT `merits_ibfk_2` FOREIGN KEY (`event_id`) REFERENCES `events` (`event_id`) ON DELETE CASCADE;
COMMIT;

/*!40101 SET CHARACTER_SET_CLIENT=@OLD_CHARACTER_SET_CLIENT */;
/*!40101 SET CHARACTER_SET_RESULTS=@OLD_CHARACTER_SET_RESULTS */;
/*!40101 SET COLLATION_CONNECTION=@OLD_COLLATION_CONNECTION */;
